{"main":"american-flights-apihw.raml","name":"American Flights APIhw","organizationId":"25b807a4-18a2-43c2-b2c4-2770e246f5b4","groupId":"25b807a4-18a2-43c2-b2c4-2770e246f5b4","assetId":"american-flights-apihw","version":"1.0.2","metadata":{"branchId":"master","commitId":"47765c91840f6caa93fc08d84a1d3141031c3a49","projectId":"0666f60a-6411-4eb5-8013-e8526e028246"},"apiVersion":"v1","classifier":"raml","dependencies":[{"assetId":"training-american-flight-data-type","groupId":"68ef9520-24e9-4cf2-b2f5-620025690913","version":"1.0.1"},{"assetId":"training-american-flights-example","groupId":"68ef9520-24e9-4cf2-b2f5-620025690913","version":"1.0.1"}],"tags":[],"originalFormatVersion":"1.0"}